city,total_area,avg_strategic_score,avg_customer_density_score,avg_retention_risk_score,avg_market_share_defense_score,avg_new_customer_potential_score,avg_accessibility_score,avg_competition_pressure_score,total_customer,active_customer,inactive_customer,total_population,total_competitor,total_poi,active_ratio,customer_penetration_ratio
Bandung,30,48.925333333333334,46.23966666666667,29.542666666666666,50.81933333333333,51.95066666666666,65.10966666666667,47.62133333333334,1100,725,172,930865,18,110,0.6591,0.001182
Jakarta,30,49.931333333333335,49.02433333333333,27.297,50.52633333333333,56.807,64.613,44.04833333333333,1200,795,146,1439344,18,125,0.6625,0.000834
Semarang,30,45.35966666666666,45.241,36.801,50.13366666666666,43.11833333333333,51.077,46.50533333333333,1050,718,145,802796,18,110,0.6838,0.001308
Surabaya,30,49.096333333333334,47.88066666666667,27.969333333333335,51.07533333333333,52.23566666666667,65.23533333333333,46.245999999999995,1150,765,158,1214669,18,125,0.6652,0.000947
Yogyakarta,30,45.199666666666666,42.94466666666666,28.659,48.675,38.399,68.48966666666666,46.271,1000,649,154,648484,18,110,0.649,0.001542
